Model,Accuracy,F1-Score,AUC-ROC
DANetModel,0.7288135593220338,0.6894736842105263,0.7756892230576441
GatedAdditiveTreeEnsembleModel,0.6610169491525424,0.5066889632107023,0.6904761904761905
TabTransformerModel,0.6949152542372882,0.6672932330827068,0.7493734335839599
GANDALFModel,0.711864406779661,0.6113909337466098,0.6428571428571428
FTTransformerModel,0.6610169491525424,0.5712209302325582,0.6466165413533834
AutoIntModel,0.7288135593220338,0.6894736842105263,0.7343358395989975
CategoryEmbeddingModel,0.6949152542372882,0.6140988372093024,0.6879699248120301
TabNetModel,0.6779661016949152,0.5437525437525437,0.7293233082706767
