Model,Accuracy,F1-Score,AUC-ROC
CategoryEmbeddingModel,0.6949152542372882,0.6140988372093024,0.6879699248120301
GANDALFModel,0.711864406779661,0.6113909337466098,0.6428571428571428
TabNetModel,0.6779661016949152,0.5437525437525437,0.7293233082706767
FTTransformerModel,0.6610169491525424,0.5712209302325582,0.6466165413533834
