model_name,best_auroc,accuracy_at_best_auroc,best_accuracy,auroc_at_best_accuracy
DANetModel,0.8521302938461304,0.7288135886192322,0.7288135886192322,0.8521302938461304
TabTransformerModel,0.8421052694320679,0.7288135886192322,0.7288135886192322,0.8421052694320679
AutoIntModel,0.8170425891876221,0.7796609997749329,0.7796609997749329,0.8170425891876221
TabNetModel,0.800751805305481,0.7118644118309021,0.7118644118309021,0.800751805305481
